SeqNo,Sent(usec),Received(usec),Latency(ms),Result,TargetNode,LeaderHint,Term
1773725207,16232156213,16232592418,436.2,OK,0,0,2
1773725208,16233656361,16233936398,280.0,OK,0,0,2
1773725209,16235156511,16235437404,280.9,OK,0,0,2
1773725210,16236656777,16236937232,280.5,OK,0,0,2
1773725211,16238156944,16238437383,280.4,OK,0,0,2
1773725212,16239657128,16239937358,280.2,OK,0,0,2
1773725213,16241157300,16241437593,280.3,OK,0,0,2
1773725214,16242657468,16242937554,280.1,OK,0,0,2
1773725215,16244157755,16244438069,280.3,OK,0,0,2
1773725216,16245657937,16245937978,280.0,OK,0,0,2
1773725217,16247158096,16247438276,280.2,OK,0,0,2
1773725218,16248658235,16248937715,279.5,OK,0,0,2
1773725219,16250158399,16250438868,280.5,OK,0,0,2
1773725220,16251658548,16251939327,280.8,OK,0,0,2
1773725221,16253158724,16253439667,280.9,OK,0,0,2
1773725222,16254658880,0,0.0,TIMEOUT,0,-1,-1
1773725223,16256159062,0,0.0,NOT_LEADER,4,-1,3
1773725225,16259159447,0,0.0,NOT_LEADER,3,-1,5
1773725226,16260659740,16261303927,644.2,OK,3,3,5
1773725227,16262159927,16262805941,646.0,OK,3,3,5
1773725228,16263660100,16264114345,454.2,OK,3,3,5
1773725229,16265160255,16265537758,377.5,OK,3,3,5
1773725230,16266660396,16267038230,377.8,OK,3,3,5
1773725231,16268160595,16268538940,378.3,OK,3,3,5
1773725232,16269660790,16270039210,378.4,OK,3,3,5
1773725233,16271160970,16271538412,377.4,OK,3,3,5
1773725234,16272661152,16273039368,378.2,OK,3,3,5
1773725235,16274161345,16274539785,378.4,OK,3,3,5
1773725236,16275661526,16276040035,378.5,OK,3,3,5
1773725237,16277161705,16277539777,378.1,OK,3,3,5
1773725238,16278661911,16279040805,378.9,OK,3,3,5
1773725239,16280162079,16280540641,378.6,OK,3,3,5
1773725240,16281662238,16282041046,378.8,OK,3,3,5
1773725241,16283162406,16283541790,379.4,OK,3,3,5
1773725242,16284662679,0,0.0,TIMEOUT,3,-1,-1
1773725243,16286162864,0,0.0,NOT_LEADER,0,-1,6
1773725245,16289163209,0,0.0,NOT_LEADER,4,0,6
1773725246,16290663387,16291123444,460.1,OK,0,0,6
1773725247,16292163580,16292622271,458.7,OK,0,0,6
1773725248,16293663872,16294127115,463.2,OK,0,0,6
1773725249,16295164051,16295510056,346.0,OK,0,0,6
1773725250,16296664243,16297011855,347.6,OK,0,0,6
1773725251,16298164435,16298513469,349.0,OK,0,0,6
1773725252,16299664744,16300014853,350.1,OK,0,0,6
1773725253,16301164902,16301517679,352.8,OK,0,0,6
1773725254,16302665055,16303019077,354.0,OK,0,0,6
1773725255,16304165210,16304520396,355.2,OK,0,0,6
1773725256,16305665383,16306022644,357.3,OK,0,0,6
1773725257,16307165535,16307525967,360.4,OK,0,0,6
1773725258,16308665714,16309027519,361.8,OK,0,0,6
1773725259,16310165902,16310528092,362.2,OK,0,0,6
1773725260,16311666085,0,0.0,TIMEOUT,0,-1,-1
1773725261,16313166269,0,0.0,NOT_LEADER,3,0,6
1773725263,16316166642,0,0.0,NOT_LEADER,4,-1,8
1773725264,16317666810,0,0.0,NOT_LEADER,2,4,9
1773725265,16319167054,16319784939,617.9,OK,4,4,9
1773725266,16320667231,16321282945,615.7,OK,4,4,9
1773725267,16322167426,16322682300,514.9,OK,4,4,9
1773725268,16323667703,16324074310,406.6,OK,4,4,9
1773725269,16325167932,16325573190,405.3,OK,4,4,9
1773725270,16326668105,16327073772,405.7,OK,4,4,9
1773725271,16328168292,16328575201,406.9,OK,4,4,9
1773725272,16329668452,16330073170,404.7,OK,4,4,9
1773725273,16331168769,16331575804,407.0,OK,4,4,9
1773725274,16332668932,16333075928,407.0,OK,4,4,9
1773725275,16334169095,16334576837,407.7,OK,4,4,9
1773725276,16335669246,16336074569,405.3,OK,4,4,9
1773725277,16337169439,16337838755,669.3,OK,4,4,9
1773725278,16338669581,16339377676,708.1,OK,4,4,9
1773725279,16340169801,16340882935,713.1,OK,4,4,9
1773725280,16341669982,16342316940,647.0,OK,4,4,9
1773725281,16343170137,0,0.0,TIMEOUT,4,-1,-1
1773725282,16344670276,0,0.0,NOT_LEADER,3,0,10
1773725283,16346170444,16346755920,585.5,OK,0,0,10
1773725284,16347670611,16347975193,304.6,OK,0,0,10
1773725285,16349170782,16349474356,303.6,OK,0,0,10
1773725286,16350670926,16350975185,304.3,OK,0,0,10
1773725287,16352171089,16352475141,304.1,OK,0,0,10
1773725288,16353671250,16353975827,304.6,OK,0,0,10
1773725289,16355171415,16355475586,304.2,OK,0,0,10
1773725290,16356671618,16356975725,304.1,OK,0,0,10
1773725291,16358171898,16358475999,304.1,OK,0,0,10
1773725292,16359672046,16359976536,304.5,OK,0,0,10
1773725293,16361172213,16361477421,305.2,OK,0,0,10
1773725294,16362672356,16362977540,305.2,OK,0,0,10
1773725295,16364172520,16364468865,296.3,OK,0,0,10
1773725296,16365672667,16365968489,295.8,OK,0,0,10
1773725297,16367172840,16367469123,296.3,OK,0,0,10
1773725298,16368673048,16368968880,295.8,OK,0,0,10
1773725299,16370173208,0,0.0,TIMEOUT,0,-1,-1
1773725301,16373173522,0,0.0,NOT_LEADER,1,3,12
1773725302,16374673808,16375134564,460.8,OK,3,3,12
1773725303,16376173979,16376633185,459.2,OK,3,3,12
1773725304,16377674147,16378133576,459.4,OK,3,3,12
1773725305,16379174325,16379633224,458.9,OK,3,3,12
1773725306,16380674477,16381002297,327.8,OK,3,3,12
1773725307,16382174622,16382493451,318.8,OK,3,3,12
1773725308,16383674985,16383988506,313.5,OK,3,3,12
1773725309,16385175141,16385488746,313.6,OK,3,3,12
1773725310,16386675299,16386988993,313.7,OK,3,3,12
1773725311,16388175464,16388489624,314.2,OK,3,3,12
1773725312,16389675653,16389988204,312.6,OK,3,3,12
1773725313,16391175767,16391489049,313.3,OK,3,3,12
1773725314,16392675898,16392989914,314.0,OK,3,3,12
1773725315,16394176057,16394489549,313.5,OK,3,3,12
1773725316,16395676197,16395989414,313.2,OK,3,3,12
1773725317,16397176322,16397489412,313.1,OK,3,3,12
1773725318,16398676452,0,0.0,TIMEOUT,3,-1,-1
1773725319,16400176580,0,0.0,NOT_LEADER,0,-1,13
1773725320,16401676835,0,0.0,NOT_LEADER,2,0,13
1773725321,16403177011,16403568216,391.2,OK,0,0,13
1773725322,16404677186,16405070128,392.9,OK,0,0,13
1773725323,16406177338,16406568907,391.6,OK,0,0,13
1773725324,16407677497,16408068887,391.4,OK,0,0,13
1773725325,16409177740,16409569992,392.3,OK,0,0,13
1773725326,16410677900,16410959331,281.4,OK,0,0,13
1773725327,16412178050,16412459079,281.0,OK,0,0,13
1773725328,16413678220,16413959772,281.6,OK,0,0,13
1773725329,16415178388,16415460182,281.8,OK,0,0,13
1773725330,16416678550,16416959665,281.1,OK,0,0,13
1773725331,16418178719,16418459911,281.2,OK,0,0,13
1773725332,16419678930,16419960965,282.0,OK,0,0,13
1773725333,16421179080,16421460787,281.7,OK,0,0,13
1773725334,16422679219,16422960683,281.5,OK,0,0,13
1773725335,16424179369,16424461095,281.7,OK,0,0,13
1773725336,16425679519,0,0.0,TIMEOUT,0,-1,-1
1773725337,16427179692,0,0.0,NOT_LEADER,3,-1,14
1773725338,16428679854,0,0.0,NOT_LEADER,1,-1,14
1773725339,16430180103,0,0.0,NOT_LEADER,2,-1,15
1773725341,16433180423,0,0.0,NOT_LEADER,1,3,16
1773725342,16434680595,16435253119,572.5,OK,3,3,16
1773725343,16436180753,16436508597,327.8,OK,3,3,16
1773725344,16437680897,16437995248,314.4,OK,3,3,16
1773725345,16439181059,16439494601,313.5,OK,3,3,16
1773725346,16440681244,16440995708,314.5,OK,3,3,16
1773725347,16442181426,16442494933,313.5,OK,3,3,16
1773725348,16443681572,16443995383,313.8,OK,3,3,16
1773725349,16445181810,16445495536,313.7,OK,3,3,16
1773725350,16446681964,16446996917,315.0,OK,3,3,16
1773725351,16448182112,16448496081,314.0,OK,3,3,16
1773725352,16449682255,16449995881,313.6,OK,3,3,16
1773725353,16451182401,16451496043,313.6,OK,3,3,16
1773725354,16452682648,16452996341,313.7,OK,3,3,16
1773725355,16454182824,16454495621,312.8,OK,3,3,16
1773725356,16455683099,16455996791,313.7,OK,3,3,16
1773725357,16457183226,0,0.0,TIMEOUT,3,-1,-1
1773725358,16458683386,0,0.0,NOT_LEADER,1,0,17
1773725359,16460183674,16460751865,568.2,OK,0,0,17
1773725360,16461683903,16462141501,457.6,OK,0,0,17
1773725361,16463184065,16463642779,458.7,OK,0,0,17
1773725362,16464684217,16465145156,460.9,OK,0,0,17
1773725363,16466184362,16466614872,430.5,OK,0,0,17
1773725364,16467684516,16468022923,338.4,OK,0,0,17
1773725365,16469184698,16469524648,339.9,OK,0,0,17
1773725366,16470684917,16471027942,343.0,OK,0,0,17
1773725367,16472185072,16472530901,345.8,OK,0,0,17
1773725368,16473685231,16474033021,347.8,OK,0,0,17
1773725369,16475185382,16475536070,350.7,OK,0,0,17
1773725370,16476685532,16477039397,353.9,OK,0,0,17
1773725371,16478185791,16478541727,355.9,OK,0,0,17
1773725372,16479685961,16480044650,358.7,OK,0,0,17
1773725373,16481186101,16481547694,361.6,OK,0,0,17
1773725374,16482686260,16483049239,363.0,OK,0,0,17
1773725375,16484186430,0,0.0,TIMEOUT,0,-1,-1
1773725377,16487186750,0,0.0,NOT_LEADER,2,-1,19
1773725378,16488686915,16489681076,994.2,OK,2,2,19
1773725379,16490187079,0,0.0,TIMEOUT,2,-1,-1
1773725380,16491687263,16491934363,247.1,OK,4,2,19
1773725381,16493187471,0,0.0,NOT_LEADER,4,2,19
1773725382,16494687645,0,0.0,NOT_LEADER,2,2,19
1773725383,16496187798,16496187898,0.1,OK,2,2,19
1773725384,16497687995,16497688104,0.1,OK,2,2,19
1773725385,16499188144,16499188223,0.1,OK,2,2,19
1773725386,16500688295,16500688359,0.1,OK,2,2,19
1773725387,16502188469,16502188555,0.1,OK,2,2,19
1773725388,16503688672,16503688845,0.2,OK,2,2,19
1773725389,16505188827,16505188898,0.1,OK,2,2,19
1773725390,16506688981,16506689060,0.1,OK,2,2,19
1773725391,16508189136,16508189198,0.1,OK,2,2,19
1773725392,16509689298,16509689379,0.1,OK,2,2,19
1773725393,16511189459,16511189553,0.1,OK,2,2,19
1773725394,16512689682,16512689823,0.1,OK,2,2,19
1773725395,16514189816,0,0.0,TIMEOUT,2,-1,-1
1773725397,16517190121,0,0.0,NOT_LEADER,0,1,20
1773725398,16518690271,16519120381,430.1,OK,1,1,20
1773725399,16520190421,16520630380,440.0,OK,1,1,20
1773725400,16521690579,16522129495,438.9,OK,1,1,20
1773725401,16523190805,16523523243,332.4,OK,1,1,20
1773725402,16524690951,16524962514,271.6,OK,1,1,20
1773725403,16526191104,16526418594,227.5,OK,1,1,20
1773725404,16527691250,16527918217,227.0,OK,1,1,20
1773725405,16529191403,16529417905,226.5,OK,1,1,20
1773725406,16530691691,16530918109,226.4,OK,1,1,20
1773725407,16532191854,16532418237,226.4,OK,1,1,20
1773725408,16533692035,16533919318,227.3,OK,1,1,20
1773725409,16535192187,16535419249,227.1,OK,1,1,20
1773725410,16536692341,16536919341,227.0,OK,1,1,20
1773725411,16538192506,16538419933,227.4,OK,1,1,20
1773725412,16539692675,16539920896,228.2,OK,1,1,20
1773725413,16541192838,0,0.0,TIMEOUT,1,-1,-1
1773725414,16542693006,0,0.0,NOT_LEADER,3,-1,21
1773725415,16544193164,0,0.0,NOT_LEADER,0,4,22
1773725416,16545693318,0,0.0,NOT_LEADER,4,-1,22
1773725417,16547193643,0,0.0,NOT_LEADER,0,2,23
1773725418,16548693799,16549501036,807.2,OK,2,2,24
1773725419,16550193985,16551013402,819.4,OK,2,2,24
1773725420,16551694150,16552326873,632.7,OK,2,2,24
1773725421,16553194318,16553828501,634.2,OK,2,2,24
1773725422,16554694477,16555329357,634.9,OK,2,2,24
1773725423,16556194779,16556831625,636.8,OK,2,2,24
1773725424,16557694937,16558333665,638.7,OK,2,2,24
1773725425,16559195093,16559837010,641.9,OK,2,2,24
1773725426,16560695240,16561339964,644.7,OK,2,2,24
1773725427,16562195455,16562842829,647.4,OK,2,2,24
1773725428,16563695599,16564382845,687.2,OK,2,2,24
1773725429,16565195833,16565847152,651.3,OK,2,2,24
1773725430,16566695996,16567350883,654.9,OK,2,2,24
1773725431,16568196197,16568851938,655.7,OK,2,2,24
1773725432,16569696365,16570355817,659.5,OK,2,2,24
1773725433,16571196681,16571857509,660.8,OK,2,2,24
1773725434,16572696827,0,0.0,TIMEOUT,2,-1,-1
1773725435,16574196983,0,0.0,NOT_LEADER,3,2,24
1773725437,16577197301,0,0.0,NOT_LEADER,1,4,26
1773725438,16578697620,16579637744,940.1,OK,4,4,26
1773725439,16580197780,16581098632,900.9,OK,4,4,26
1773725440,16581697931,16582520094,822.2,OK,4,4,26
1773725441,16583198091,16583859889,661.8,OK,4,4,26
1773725442,16584698249,16585516978,818.7,OK,4,4,26
1773725443,16586198517,16586638549,440.0,OK,4,4,26
1773725444,16587698807,16588138866,440.1,OK,4,4,26
1773725445,16589198982,16589637778,438.8,OK,4,4,26
1773725446,16590699125,16591138296,439.2,OK,4,4,26
1773725447,16592199319,16592637903,438.6,OK,4,4,26
1773725448,16593699472,16594137791,438.3,OK,4,4,26
1773725449,16595199818,16595637719,437.9,OK,4,4,26
1773725450,16596699962,16597141312,441.4,OK,4,4,26
1773725451,16598200134,16598640116,440.0,OK,4,4,26
1773725452,16599700267,16600139070,438.8,OK,4,4,26
1773725453,16601200413,16601639316,438.9,OK,4,4,26
1773725454,16602700541,16603140969,440.4,OK,4,4,26
1773725455,16604200773,0,0.0,TIMEOUT,4,-1,-1
1773725456,16605700941,0,0.0,NOT_LEADER,2,4,26
1773725458,16608701256,0,0.0,NOT_LEADER,3,0,27
1773725459,16610201442,16610496171,294.7,OK,0,0,27
1773725460,16611701721,16611994700,293.0,OK,0,0,27
1773725461,16613201911,16613495633,293.7,OK,0,0,27
1773725462,16614702053,16614993772,291.7,OK,0,0,27
1773725463,16616202204,16616483290,281.1,OK,0,0,27
1773725464,16617702343,16617984268,281.9,OK,0,0,27
1773725465,16619202675,16619484209,281.5,OK,0,0,27
1773725466,16620702826,16620983885,281.1,OK,0,0,27
1773725467,16622202981,16622484118,281.1,OK,0,0,27
1773725468,16623703141,16623985019,281.9,OK,0,0,27
1773725469,16625203292,16625485646,282.4,OK,0,0,27
1773725470,16626703442,16626985709,282.3,OK,0,0,27
1773725471,16628203636,16628485157,281.5,OK,0,0,27
1773725472,16629703867,16629985534,281.7,OK,0,0,27
1773725473,16631204054,0,0.0,TIMEOUT,0,-1,-1
1773725474,16632704196,0,0.0,NOT_LEADER,4,-1,28
1773725475,16634204341,0,0.0,NOT_LEADER,4,-1,28
1773725476,16635704498,0,0.0,NOT_LEADER,2,3,29
1773725477,16637204707,16637920844,716.1,OK,3,3,29
1773725478,16638704922,16639422655,717.7,OK,3,3,29
1773725479,16640205097,16640924542,719.4,OK,3,3,29
1773725480,16641705249,16642218979,513.7,OK,3,3,29
1773725481,16643205406,16643720838,515.4,OK,3,3,29
1773725482,16644705636,16645222998,517.4,OK,3,3,29
1773725483,16646205855,16646609543,403.7,OK,3,3,29
1773725484,16647706016,16648112744,406.7,OK,3,3,29
1773725485,16649206310,16649616574,410.3,OK,3,3,29
1773725486,16650706500,16651118826,412.3,OK,3,3,29
1773725487,16652206748,16652620390,413.6,OK,3,3,29
1773725488,16653706912,16654123279,416.4,OK,3,3,29
1773725489,16655207070,16655625651,418.6,OK,3,3,29
1773725490,16656707228,16657126448,419.2,OK,3,3,29
1773725491,16658207573,16658628340,420.8,OK,3,3,29
1773725492,16659707734,16660130063,422.3,OK,3,3,29
1773725493,16661207905,0,0.0,TIMEOUT,3,-1,-1
1773725494,16662708069,0,0.0,NOT_LEADER,4,0,30
1773725495,16664208231,16664752875,544.6,OK,0,0,30
1773725496,16665708381,16666126811,418.4,OK,0,0,30
1773725497,16667208587,16667630829,422.2,OK,0,0,30
1773725498,16668708759,16669130678,421.9,OK,0,0,30
1773725499,16670208963,16670596708,387.7,OK,0,0,30
1773725500,16671709115,16671990256,281.1,OK,0,0,30
1773725501,16673209284,16673491339,282.1,OK,0,0,30
1773725502,16674709461,16674991038,281.6,OK,0,0,30
1773725503,16676209644,16676492238,282.6,OK,0,0,30
1773725504,16677709865,16677992627,282.8,OK,0,0,30
1773725505,16679210049,16679492089,282.0,OK,0,0,30
1773725506,16680710200,16680991497,281.3,OK,0,0,30
1773725507,16682210342,16682492596,282.3,OK,0,0,30
1773725508,16683710518,16683991907,281.4,OK,0,0,30
1773725509,16685210676,16685492492,281.8,OK,0,0,30
1773725510,16686710855,16686992572,281.7,OK,0,0,30
1773725511,16688211023,0,0.0,TIMEOUT,0,-1,-1
1773725512,16689711189,0,0.0,NOT_LEADER,2,-1,31
1773725513,16691211391,0,0.0,NOT_LEADER,1,-1,31
1773725514,16692711533,0,0.0,NOT_LEADER,3,1,32
1773725515,16694211703,16694552701,341.0,OK,1,1,32
1773725516,16695711924,16696056102,344.2,OK,1,1,32
1773725517,16697212115,16697553554,341.4,OK,1,1,32
1773725518,16698712285,16699057452,345.2,OK,1,1,32
1773725519,16700212450,16700438916,226.5,OK,1,1,32
1773725520,16701712640,16701942576,229.9,OK,1,1,32
1773725521,16703212830,16703442114,229.3,OK,1,1,32
1773725522,16704712985,16704949593,236.6,OK,1,1,32
1773725523,16706213137,16706450352,237.2,OK,1,1,32
1773725524,16707713303,16707949806,236.5,OK,1,1,32
1773725525,16709213452,16709453099,239.6,OK,1,1,32
1773725526,16710713729,16710953467,239.7,OK,1,1,32
1773725527,16712213884,16712456999,243.1,OK,1,1,32
1773725528,16713714077,16713956784,242.7,OK,1,1,32
1773725529,16715214218,16715458384,244.2,OK,1,1,32
1773725530,16716714363,0,0.0,TIMEOUT,1,-1,-1
1773725531,16718214504,0,0.0,NOT_LEADER,3,1,32
1773725533,16721214921,0,0.0,NOT_LEADER,2,0,34
1773725534,16722715066,0,0.0,NOT_LEADER,0,3,35
1773725535,16724215212,16725005425,790.2,OK,3,3,35
1773725536,16725715383,16726546766,831.4,OK,3,3,35
1773725537,16727215612,16727878157,662.5,OK,3,3,35
1773725538,16728715783,16729378077,662.3,OK,3,3,35
1773725539,16730215948,16730879136,663.2,OK,3,3,35
1773725540,16731716104,16732384076,668.0,OK,3,3,35
1773725541,16733216263,16733675712,459.4,OK,3,3,35
1773725542,16734716483,16735173788,457.3,OK,3,3,35
1773725543,16736216656,16736659736,443.1,OK,3,3,35
1773725544,16737716811,16738160908,444.1,OK,3,3,35
1773725545,16739217014,16739660187,443.2,OK,3,3,35
1773725546,16740717175,16741159914,442.7,OK,3,3,35
1773725547,16742217346,16742659953,442.6,OK,3,3,35
1773725548,16743717520,16744160469,442.9,OK,3,3,35
1773725549,16745217664,16745659971,442.3,OK,3,3,35
1773725550,16746717857,0,0.0,TIMEOUT,3,-1,-1
1773725551,16748218005,0,0.0,NOT_LEADER,0,3,35
1773725554,16752718530,16753013808,295.3,OK,1,1,36
1773725555,16754218700,16754471769,253.1,OK,1,1,36
1773725556,16755718882,16755975406,256.5,OK,1,1,36
1773725557,16757219082,16757476815,257.7,OK,1,1,36
1773725558,16758719284,16758915434,196.2,OK,1,1,36
1773725559,16760219463,16760418100,198.6,OK,1,1,36
1773725560,16761719714,16761920136,200.4,OK,1,1,36
1773725561,16763219902,16763423260,203.4,OK,1,1,36
1773725562,16764720098,16764924668,204.6,OK,1,1,36
1773725563,16766220264,16766426971,206.7,OK,1,1,36
1773725564,16767720447,16767928471,208.0,OK,1,1,36
1773725565,16769220630,16769431045,210.4,OK,1,1,36
1773725566,16770720822,16770932908,212.1,OK,1,1,36
1773725567,16772220991,16772437698,216.7,OK,1,1,36
1773725568,16773721157,0,0.0,TIMEOUT,1,-1,-1
1773725569,16775221329,0,0.0,NOT_LEADER,0,1,36
1773725571,16778221778,16778981621,759.8,OK,4,4,38
1773725572,16779721934,16780458752,736.8,OK,4,4,38
1773725573,16781222083,16781973299,751.2,OK,4,4,38
1773725574,16782722237,16783483025,760.8,OK,4,4,38
1773725575,16784222398,16784631501,409.1,OK,4,4,38
1773725576,16785722603,16786130923,408.3,OK,4,4,38
1773725577,16787222771,16787631705,408.9,OK,4,4,38
1773725578,16788722935,16789131889,409.0,OK,4,4,38
1773725579,16790223076,16790632901,409.8,OK,4,4,38
1773725580,16791723218,16792132467,409.2,OK,4,4,38
1773725581,16793223362,16793632437,409.1,OK,4,4,38
1773725582,16794723689,16795134829,411.1,OK,4,4,38
1773725583,16796223850,16796633907,410.1,OK,4,4,38
1773725584,16797724047,16798133626,409.6,OK,4,4,38
1773725585,16799224214,16799633974,409.8,OK,4,4,38
1773725586,16800724393,16801133875,409.5,OK,4,4,38
1773725587,16802224548,16802633727,409.2,OK,4,4,38
1773725588,16803724710,0,0.0,TIMEOUT,4,-1,-1
1773725589,16805224886,0,0.0,NOT_LEADER,3,-1,39
1773725590,16806725106,0,0.0,NOT_LEADER,2,3,40
1773725591,16808225304,16808755449,530.1,OK,3,3,40
1773725592,16809725413,16810257449,532.0,OK,3,3,40
1773725593,16811225536,16811761967,536.4,OK,3,3,40
1773725594,16812725681,16813112976,387.3,OK,3,3,40
1773725595,16814225833,16814604223,378.4,OK,3,3,40
1773725596,16815725961,16816105240,379.3,OK,3,3,40
1773725597,16817226111,16817605817,379.7,OK,3,3,40
1773725598,16818726257,16819105810,379.6,OK,3,3,40
1773725599,16820226411,16820605295,378.9,OK,3,3,40
1773725600,16821726682,16822105760,379.1,OK,3,3,40
1773725601,16823226825,16823606023,379.2,OK,3,3,40
1773725602,16824726962,16825191611,464.6,OK,3,3,40
1773725603,16826227099,16826652157,425.1,OK,3,3,40
1773725604,16827727245,16828105849,378.6,OK,3,3,40
1773725605,16829227370,16829605642,378.3,OK,3,3,40
1773725606,16830727539,16831105920,378.4,OK,3,3,40
1773725607,16832227707,0,0.0,TIMEOUT,3,-1,-1
1773725608,16833727854,0,0.0,NOT_LEADER,1,-1,41
1773725609,16835228058,0,0.0,NOT_LEADER,0,4,41
1773725610,16836728216,16837981738,1253.5,OK,4,4,41
1773725611,16838228362,16839037777,809.4,OK,4,4,41
1773725612,16839728537,16840541216,812.7,OK,4,4,41
1773725613,16841228708,16842041575,812.9,OK,4,4,41
1773725614,16842728882,16843367913,639.0,OK,4,4,41
1773725615,16844229030,16844704828,475.8,OK,4,4,41
1773725616,16845729176,16846207749,478.6,OK,4,4,41
1773725617,16847229335,16847711470,482.1,OK,4,4,41
1773725618,16848729507,16849213061,483.6,OK,4,4,41
1773725619,16850229675,16850716275,486.6,OK,4,4,41
1773725620,16851729847,16852216990,487.1,OK,4,4,41
1773725621,16853230015,16853719957,489.9,OK,4,4,41
1773725622,16854730167,16855221786,491.6,OK,4,4,41
1773725623,16856230323,16856723382,493.1,OK,4,4,41
1773725624,16857730607,16858224710,494.1,OK,4,4,41
1773725625,16859230766,0,0.0,TIMEOUT,4,-1,-1
1773725626,16860730932,0,0.0,NOT_LEADER,2,3,42
1773725627,16862231134,16863128184,897.0,OK,3,3,42
1773725628,16863731303,16864405037,673.7,OK,3,3,42
1773725629,16865231453,16865854435,623.0,OK,3,3,42
1773725630,16866731707,16867353793,622.1,OK,3,3,42
1773725631,16868231882,16868857986,626.1,OK,3,3,42
1773725632,16869732057,16870247653,515.6,OK,3,3,42
1773725633,16871232222,16871688494,456.3,OK,3,3,42
1773725634,16872732364,16873190179,457.8,OK,3,3,42
1773725635,16874232538,16874690101,457.6,OK,3,3,42
1773725636,16875732716,16876189591,456.9,OK,3,3,42
1773725637,16877232872,16877690022,457.1,OK,3,3,42
1773725638,16878733028,16879359142,626.1,OK,3,3,42
1773725639,16880233182,16880814776,581.6,OK,3,3,42
1773725640,16881733463,16882191144,457.7,OK,3,3,42
1773725641,16883233721,16883692300,458.6,OK,3,3,42
1773725642,16884733901,16885194989,461.1,OK,3,3,42
1773725643,16886234036,0,0.0,TIMEOUT,3,-1,-1
1773725644,16887734205,0,0.0,NOT_LEADER,0,3,42
1773725646,16890734578,16891617070,882.5,OK,4,4,44
1773725647,16892234730,16893116922,882.2,OK,4,4,44
1773725648,16893734879,16894648931,914.1,OK,4,4,44
1773725649,16895235052,16896155372,920.3,OK,4,4,44
1773725650,16896735188,16897658075,922.9,OK,4,4,44
1773725651,16898235337,16898819354,584.0,OK,4,4,44
1773725652,16899735522,16900320245,584.7,OK,4,4,44
1773725653,16901235660,16901822115,586.5,OK,4,4,44
1773725654,16902735811,16903324957,589.1,OK,4,4,44
1773725655,16904235972,16904825871,589.9,OK,4,4,44
1773725656,16905736134,16906330750,594.6,OK,4,4,44
1773725657,16907236295,16907831420,595.1,OK,4,4,44
1773725658,16908736457,16909185992,449.5,OK,4,4,44
1773725659,16910236624,16910714419,477.8,OK,4,4,44
1773725660,16911736797,16912189014,452.2,OK,4,4,44
1773725661,16913236963,16913718886,481.9,OK,4,4,44
1773725662,16914737122,0,0.0,TIMEOUT,4,-1,-1
1773725664,16917737626,0,0.0,NOT_LEADER,2,3,45
1773725665,16919237797,16920053625,815.8,OK,3,3,45
1773725666,16920737987,16921338342,600.4,OK,3,3,45
1773725667,16922238165,16922842855,604.7,OK,3,3,45
1773725668,16923738321,16924346957,608.6,OK,3,3,45
1773725669,16925238591,16925755387,516.8,OK,3,3,45
1773725670,16926738816,16927195301,456.5,OK,3,3,45
1773725671,16928239003,16928696297,457.3,OK,3,3,45
1773725672,16929739174,16930195451,456.3,OK,3,3,45
1773725673,16931239332,16931694815,455.5,OK,3,3,45
1773725674,16932739475,16933197862,458.4,OK,3,3,45
1773725675,16934239648,16934695527,455.9,OK,3,3,45
1773725676,16935739805,16936195612,455.8,OK,3,3,45
1773725677,16937239960,16937696081,456.1,OK,3,3,45
1773725678,16938740124,16939195275,455.2,OK,3,3,45
1773725679,16940240288,16940695514,455.2,OK,3,3,45
1773725680,16941740438,16942195454,455.0,OK,3,3,45
1773725681,16943240718,0,0.0,TIMEOUT,3,-1,-1
1773725682,16944740859,0,0.0,NOT_LEADER,4,-1,46
1773725683,16946241019,0,0.0,NOT_LEADER,4,0,47
1773725684,16947741188,16948128135,386.9,OK,0,0,47
1773725685,16949241364,16949625586,384.2,OK,0,0,47
1773725686,16950741662,16951126059,384.4,OK,0,0,47
1773725687,16952241835,16952523008,281.2,OK,0,0,47
1773725688,16953742007,16954025147,283.1,OK,0,0,47
1773725689,16955242160,16955522460,280.3,OK,0,0,47
1773725690,16956742309,16957023382,281.1,OK,0,0,47
1773725691,16958242586,16958523599,281.0,OK,0,0,47
1773725692,16959742804,16960023317,280.5,OK,0,0,47
1773725693,16961242970,16961523974,281.0,OK,0,0,47
1773725694,16962743145,16963023590,280.4,OK,0,0,47
1773725695,16964243324,16964524151,280.8,OK,0,0,47
1773725696,16965743488,16966023970,280.5,OK,0,0,47
1773725697,16967243649,16967523976,280.3,OK,0,0,47
1773725698,16968743819,16969024762,280.9,OK,0,0,47
1773725699,16970243969,16970524470,280.5,OK,0,0,47
1773725700,16971744128,0,0.0,TIMEOUT,0,-1,-1
1773725701,16973244289,0,0.0,NOT_LEADER,2,-1,48
1773725702,16974744459,0,0.0,NOT_LEADER,2,-1,48
1773725703,16976244622,16976846701,602.1,OK,4,4,49
1773725704,16977744775,16978344941,600.2,OK,4,4,49
1773725705,16979244995,16979837699,592.7,OK,4,4,49
1773725706,16980745161,16981338963,593.8,OK,4,4,49
1773725707,16982245311,16982736128,490.8,OK,4,4,49
1773725708,16983745558,16984156620,411.1,OK,4,4,49
1773725709,16985245794,16985654930,409.1,OK,4,4,49
1773725710,16986745954,16987154513,408.6,OK,4,4,49
1773725711,16988246122,16988654845,408.7,OK,4,4,49
1773725712,16989746268,16990154510,408.2,OK,4,4,49
1773725713,16991246725,16991654747,408.0,OK,4,4,49
1773725714,16992746895,16993351834,604.9,OK,4,4,49
1773725715,16994247061,16994852216,605.2,OK,4,4,49
1773725716,16995747207,16996298951,551.7,OK,4,4,49
1773725717,16997247376,16997655664,408.3,OK,4,4,49
1773725718,16998747531,16999357485,610.0,OK,4,4,49
1773725719,17000247723,0,0.0,TIMEOUT,4,-1,-1
1773725720,17001747878,0,0.0,NOT_LEADER,1,4,49
1773725723,17006248523,0,0.0,NOT_LEADER,3,0,50
1773725724,17007748684,17008269103,520.4,OK,0,0,50
1773725725,17009248849,17009608433,359.6,OK,0,0,50
1773725726,17010749004,17011039395,290.4,OK,0,0,50
1773725727,17012249167,17012523095,273.9,OK,0,0,50
1773725728,17013749342,17014023147,273.8,OK,0,0,50
1773725729,17015249569,17015523364,273.8,OK,0,0,50
1773725730,17016749707,17017023735,274.0,OK,0,0,50
1773725731,17018249871,17018523367,273.5,OK,0,0,50
1773725732,17019750038,17020023384,273.3,OK,0,0,50
1773725733,17021250207,17021524084,273.9,OK,0,0,50
1773725734,17022750414,17023024044,273.6,OK,0,0,50
1773725735,17024250557,17024524652,274.1,OK,0,0,50
1773725736,17025750768,17026024539,273.8,OK,0,0,50
1773725737,17027250916,0,0.0,TIMEOUT,0,-1,-1
1773725739,17030251205,0,0.0,NOT_LEADER,4,-1,52
1773725740,17031751465,0,0.0,NOT_LEADER,2,4,52
1773725741,17033251640,17033897923,646.3,OK,4,4,52
1773725742,17034751867,17035397460,645.6,OK,4,4,52
1773725743,17036252088,17036864776,612.7,OK,4,4,52
1773725744,17037752279,17038269743,517.5,OK,4,4,52
1773725745,17039252439,17039667497,415.1,OK,4,4,52
1773725746,17040752721,17041168618,415.9,OK,4,4,52
1773725747,17042252867,17042670813,417.9,OK,4,4,52
1773725748,17043753023,17044168914,415.9,OK,4,4,52
1773725749,17045253188,17045669414,416.2,OK,4,4,52
1773725750,17046753346,17047169739,416.4,OK,4,4,52
1773725751,17048253599,17048669549,415.9,OK,4,4,52
1773725752,17049753759,17050170239,416.5,OK,4,4,52
1773725753,17051253937,17051669412,415.5,OK,4,4,52
1773725754,17052754113,17053170412,416.3,OK,4,4,52
1773725755,17054254281,17054669110,414.8,OK,4,4,52
1773725756,17055754440,0,0.0,TIMEOUT,4,-1,-1
1773725757,17057254654,0,0.0,NOT_LEADER,1,4,52
1773725759,17060255012,0,0.0,NOT_LEADER,3,0,53
1773725760,17061755168,17062272575,517.4,OK,0,0,53
1773725761,17063255311,17063641635,386.3,OK,0,0,53
1773725762,17064755482,17065149142,393.7,OK,0,0,53
1773725763,17066255621,17066572807,317.2,OK,0,0,53
1773725764,17067755799,17068065958,310.2,OK,0,0,53
1773725765,17069255979,17069566268,310.3,OK,0,0,53
1773725766,17070756153,17071066093,309.9,OK,0,0,53
1773725767,17072256341,17072565617,309.3,OK,0,0,53
1773725768,17073756623,17074065788,309.2,OK,0,0,53
1773725769,17075256756,17075565843,309.1,OK,0,0,53
1773725770,17076756925,17077065678,308.8,OK,0,0,53
1773725771,17078257099,17078565921,308.8,OK,0,0,53
1773725772,17079757245,17080066896,309.7,OK,0,0,53
1773725773,17081257559,17081564917,307.4,OK,0,0,53
1773725774,17082757786,17083062043,304.3,OK,0,0,53
1773725775,17084257953,0,0.0,TIMEOUT,0,-1,-1
1773725777,17087258293,0,0.0,NOT_LEADER,2,1,55
1773725778,17088758465,17089377226,618.8,OK,1,1,55
1773725779,17090258628,17090882671,624.0,OK,1,1,55
1773725780,17091758787,17092379620,620.8,OK,1,1,55
1773725781,17093258945,17093688675,429.7,OK,1,1,55
1773725782,17094759080,17095111749,352.7,OK,1,1,55
1773725783,17096259244,17096614842,355.6,OK,1,1,55
1773725784,17097759410,17098117743,358.3,OK,1,1,55
1773725785,17099259563,17099618881,359.3,OK,1,1,55
1773725786,17100759727,17101121575,361.8,OK,1,1,55
1773725787,17102259894,17102623980,364.1,OK,1,1,55
1773725788,17103760059,17104130107,370.0,OK,1,1,55
1773725789,17105260225,17105632526,372.3,OK,1,1,55
1773725790,17106760412,17107135554,375.1,OK,1,1,55
1773725791,17108260710,17108634240,373.5,OK,1,1,55
1773725792,17109760863,17109971319,210.5,OK,1,1,55
1773725793,17111260993,17111480585,219.6,OK,1,1,55
1773725794,17112761144,0,0.0,TIMEOUT,1,-1,-1
1773725796,17115761465,0,0.0,NOT_LEADER,4,3,57
1773725797,17117261640,17117891375,629.7,OK,3,3,57
1773725798,17118761849,17119660913,899.1,OK,3,3,57
1773725799,17120262011,17120894893,632.9,OK,3,3,57
1773725800,17121762161,17122470033,707.9,OK,3,3,57
1773725801,17123262324,17123737964,475.6,OK,3,3,57
1773725802,17124762492,17125237166,474.7,OK,3,3,57
1773725803,17126262687,17126740141,477.5,OK,3,3,57
1773725804,17127762860,17128243663,480.8,OK,3,3,57
1773725805,17129263016,17129746544,483.5,OK,3,3,57
1773725806,17130763173,17131248151,485.0,OK,3,3,57
1773725807,17132263321,17132751275,488.0,OK,3,3,57
1773725808,17133763466,17134254044,490.6,OK,3,3,57
1773725809,17135263629,17135757314,493.7,OK,3,3,57
1773725810,17136763789,17137260759,497.0,OK,3,3,57
1773725811,17138263961,17138762663,498.7,OK,3,3,57
1773725812,17139764120,17140265696,501.6,OK,3,3,57
1773725813,17141264290,0,0.0,TIMEOUT,3,-1,-1
1773725814,17142764455,0,0.0,NOT_LEADER,2,1,58
1773725815,17144264602,0,0.0,NOT_LEADER,1,-1,58
1773725816,17145764759,0,0.0,NOT_LEADER,2,1,59
1773725817,17147264917,17147872087,607.2,OK,1,1,59
1773725818,17148765121,17149374157,609.0,OK,1,1,59
1773725819,17150265255,17150877273,612.0,OK,1,1,59
1773725820,17151765584,17152216320,450.7,OK,1,1,59
1773725821,17153265759,17153523012,257.3,OK,1,1,59
1773725822,17154765924,17155024558,258.6,OK,1,1,59
1773725823,17156266067,17156525763,259.7,OK,1,1,59
1773725824,17157766218,17158027884,261.7,OK,1,1,59
1773725825,17159266385,17159528838,262.5,OK,1,1,59
1773725826,17160766689,17161030791,264.1,OK,1,1,59
1773725827,17162266840,17162531544,264.7,OK,1,1,59
1773725828,17163766996,17164034021,267.0,OK,1,1,59
1773725829,17165267193,17165535613,268.4,OK,1,1,59
1773725830,17166767353,17167037711,270.4,OK,1,1,59
1773725831,17168267539,17168540721,273.2,OK,1,1,59
1773725832,17169767724,0,0.0,TIMEOUT,1,-1,-1
1773725833,17171267895,0,0.0,NOT_LEADER,0,1,59
1773725835,17174268216,0,0.0,NOT_LEADER,2,3,61
1773725836,17175768510,17176400796,632.3,OK,3,3,61
1773725837,17177268782,17177730946,462.2,OK,3,3,61
1773725838,17178768944,17179231816,462.9,OK,3,3,61
1773725839,17180269125,17180963587,694.5,OK,3,3,61
1773725840,17181769283,17182095875,326.6,OK,3,3,61
1773725841,17183269449,17183620871,351.4,OK,3,3,61
1773725842,17184769606,17185095976,326.4,OK,3,3,61
1773725843,17186269757,17186595067,325.3,OK,3,3,61
1773725844,17187769921,17188096077,326.2,OK,3,3,61
1773725845,17189270070,17189595343,325.3,OK,3,3,61
1773725846,17190770224,17191095742,325.5,OK,3,3,61
1773725847,17192270394,17192596921,326.5,OK,3,3,61
1773725848,17193770554,17194096587,326.0,OK,3,3,61
1773725849,17195270780,17195596129,325.3,OK,3,3,61
1773725850,17196770929,17197097188,326.3,OK,3,3,61
1773725851,17198271090,17198597987,326.9,OK,3,3,61
1773725852,17199771242,0,0.0,TIMEOUT,3,-1,-1
1773725853,17201271431,0,0.0,NOT_LEADER,1,-1,62
1773725854,17202771603,0,0.0,NOT_LEADER,4,-1,63
1773725855,17204271784,0,0.0,NOT_LEADER,4,-1,63
1773725856,17205771950,0,0.0,NOT_LEADER,4,0,64
1773725857,17207272120,17207679669,407.5,OK,0,0,64
1773725858,17208772284,17209150735,378.5,OK,0,0,64
1773725859,17210272427,17210563843,291.4,OK,0,0,64
1773725860,17211772587,17212065360,292.8,OK,0,0,64
1773725861,17213272742,17213568128,295.4,OK,0,0,64
1773725862,17214772911,17215069718,296.8,OK,0,0,64
1773725863,17216273058,17216571606,298.5,OK,0,0,64
1773725864,17217773236,17218073545,300.3,OK,0,0,64
1773725865,17219273508,17219575894,302.4,OK,0,0,64
1773725866,17220773679,17221078804,305.1,OK,0,0,64
1773725867,17222273862,17222580920,307.1,OK,0,0,64
1773725868,17223774080,17224082209,308.1,OK,0,0,64
1773725869,17225274259,17225585745,311.5,OK,0,0,64
1773725870,17226774565,17227086979,312.4,OK,0,0,64
1773725871,17228274793,17228588978,314.2,OK,0,0,64
1773725872,17229774962,0,0.0,TIMEOUT,0,-1,-1
1773725873,17231275118,0,0.0,NOT_LEADER,1,0,64
1773725875,17234275424,0,0.0,NOT_LEADER,4,3,66
1773725876,17235775584,0,0.0,NOT_LEADER,3,1,67
1773725877,17237275752,17237630646,354.9,OK,1,1,67
1773725878,17238775924,17239135927,360.0,OK,1,1,67
1773725879,17240276093,17240512540,236.4,OK,1,1,67
1773725880,17241776265,17241971233,195.0,OK,1,1,67
1773725881,17243276456,17243471837,195.4,OK,1,1,67
1773725882,17244776648,17244971333,194.7,OK,1,1,67
1773725883,17246276868,17246471149,194.3,OK,1,1,67
1773725884,17247777014,17247972237,195.2,OK,1,1,67
1773725885,17249277170,17249472657,195.5,OK,1,1,67
1773725886,17250777319,17250971740,194.4,OK,1,1,67
1773725887,17252277502,17252472417,194.9,OK,1,1,67
1773725888,17253777676,17253971859,194.2,OK,1,1,67
1773725889,17255277828,17255472950,195.1,OK,1,1,67
1773725890,17256777992,17256972337,194.3,OK,1,1,67
1773725891,17258278148,17258473327,195.2,OK,1,1,67
1773725892,17259778308,17259973194,194.9,OK,1,1,67
1773725893,17261278463,0,0.0,TIMEOUT,1,-1,-1
1773725894,17262778642,0,0.0,NOT_LEADER,4,-1,68
1773725895,17264278805,0,0.0,NOT_LEADER,2,-1,68
1773725896,17265778954,0,0.0,NOT_LEADER,0,4,69
1773725897,17267279104,0,0.0,TIMEOUT,4,-1,-1
1773725898,17268779298,17268779363,0.1,OK,2,4,69
1773725899,17270279438,0,0.0,NOT_LEADER,2,4,69
1773725900,17271779596,0,0.0,NOT_LEADER,4,4,69
1773725901,17273279761,17273279847,0.1,OK,4,4,69
1773725902,17274779931,17274780078,0.1,OK,4,4,69
1773725903,17276280101,17276280189,0.1,OK,4,4,69
1773725904,17277780320,17277780394,0.1,OK,4,4,69
1773725905,17279280566,17279280652,0.1,OK,4,4,69
1773725906,17280780724,17280780815,0.1,OK,4,4,69
1773725907,17282280874,17282280947,0.1,OK,4,4,69
1773725908,17283781039,17283781119,0.1,OK,4,4,69
1773725909,17285281177,17285281245,0.1,OK,4,4,69
1773725910,17286781330,17286781390,0.1,OK,4,4,69
1773725911,17288281679,17288281763,0.1,OK,4,4,69
1773725912,17289781845,17289781926,0.1,OK,4,4,69
1773725916,17295782676,0,0.0,NOT_LEADER,1,3,71
1773725917,17297282830,17297734998,452.2,OK,3,3,71
1773725918,17298782983,17299234209,451.2,OK,3,3,71
1773725919,17300283148,17300733930,450.8,OK,3,3,71
1773725920,17301783303,17302173063,389.8,OK,3,3,71
1773725921,17303283474,17303675143,391.7,OK,3,3,71
1773725922,17304783656,17305173536,389.9,OK,3,3,71
1773725923,17306283814,17306673576,389.8,OK,3,3,71
1773725924,17307783959,17308188962,405.0,OK,3,3,71
1773725925,17309284159,17309674670,390.5,OK,3,3,71
1773725926,17309981481,17310372175,390.7,OK,3,3,71
